split,precision,recall,mAP50,mAP50_95,fitness,save_dir
valid,0.881764606462191,0.9603960396039604,0.9778088041359333,0.8094349580071875,0.8094349580071875,C:\Users\Alwan Fauzi\Documents\GitHub\finalfixpkl\runs\detect\valid_eval
test,0.9497283818507593,0.9104584392352381,0.956520667671673,0.7488598367242794,0.7488598367242794,C:\Users\Alwan Fauzi\Documents\GitHub\finalfixpkl\runs\detect\test_eval
